{"timesteps": 226, "ep_reward": -81.89223204254753, "_timestamp": 1670059023.7384238, "_runtime": 217.68940591812134, "_step": 309, "_wandb": {"runtime": 218}}