{"logstd": [[0.0, 0.0]], "timesteps": 125, "ep_reward": -233.07130747614525, "_timestamp": 1669994747.2408354, "_runtime": 5.560202360153198, "_step": 43, "_wandb": {"runtime": 5}}