{"timesteps": 100, "ep_reward": -58.84896002212434, "_timestamp": 1670012769.2839384, "_runtime": 332.5486304759979, "_step": 60, "_wandb": {"runtime": 352}}