{"q": 1.0537830591201782, "timesteps": 1600, "ep_reward": -171.53483875728597, "_timestamp": 1669988527.5442834, "_runtime": 7.992580413818359, "_step": 93, "_wandb": {"runtime": 7}}