{"timesteps": 111, "ep_reward": -1082.784338413814, "_timestamp": 1669984247.8531294, "_runtime": 54.2206654548645, "_step": 287, "_wandb": {"runtime": 53}}