{"timesteps": 1000, "ep_reward": -47.35668958293114, "_timestamp": 1669998699.9950914, "_runtime": 2007.1224644184113, "_step": 864}