{"logstd": [[0.0, 0.0]], "timesteps": 1000, "ep_reward": 27.477309184688433, "_timestamp": 1669994682.0084321, "_runtime": 1274.3947472572327, "_step": 2103, "_wandb": {"runtime": 1274}}