{"logstd": [[0.0, 0.0]], "timesteps": 1000, "ep_reward": -0.6742408857198312, "_timestamp": 1669996663.3086038, "_runtime": 1902.4931206703186, "_step": 1776, "_wandb": {"runtime": 1903}}