{"q": -12.910517692565918, "timesteps": 101, "ep_reward": -102.13347977788932, "_timestamp": 1669988785.096288, "_runtime": 243.20233988761902, "_step": 3656, "_wandb": {"runtime": 242}}