{"logstd": [[0.0, 0.0, 0.0, 0.0]], "timesteps": 114, "ep_reward": -127.09512727233457, "_timestamp": 1669993296.5998304, "_runtime": 83.58010149002075, "_step": 168, "_wandb": {"runtime": 83}}