{"timesteps": 385, "ep_reward": 1.6509287488044606, "_timestamp": 1669992979.0258424, "_runtime": 3810.127382516861, "_step": 1550, "_wandb": {"runtime": 3809}}