{"logstd": [[0.0, 0.0, 0.0, 0.0]], "timesteps": 59, "ep_reward": -104.07780021915616, "_timestamp": 1669993353.5255127, "_runtime": 43.413936614990234, "_step": 77, "_wandb": {"runtime": 42}}