{"q": -0.4882166385650635, "timesteps": 1600, "ep_reward": -136.62878542809145, "_timestamp": 1669989106.9783509, "_runtime": 278.3376247882843, "_step": 607, "_wandb": {"runtime": 278}}